{"cameraMode":{"drawMode":0,"name":"Shaded","section":"Shading Mode"},"sceneLighting":true,"audioPlay":false,"sceneViewState":{"showFog":true,"showMaterialUpdate":false,"showSkybox":true,"showFlares":true,"showImageEffects":true,"showParticleSystems":true},"in2DMode":false,"pivot":{"x":-0.029999999329447748,"y":3.069999933242798,"z":-5.794000148773193},"rotation":{"x":-0.25969672203063967,"y":0.026646820828318597,"z":-0.0071685719303786758,"w":-0.965301513671875},"size":3.4750590324401857,"orthographic":false}